"id","id_raw","Barcode","Barcode_raw","Nama Alat_raw","Nama Alat","Model Alat_raw","Model Alat","Serial Number","Serial Number_raw","Ruangan_raw","Ruangan","Foto Alat","Foto Alat_raw","user_raw","user","Standar Operasional Produk","Standar Operasional Produk_raw","User and Service Manual","User and Service Manual_raw","Status Alat","Status Alat_raw","Status Kalibrasi","Status Kalibrasi_raw","id_1","id_raw_1","Tanggal Kejadian","Tanggal Kejadian_raw","Kejadian","Kejadian_raw","Kategori","Kategori_raw","Teknisi_raw","Teknisi","Data Alat_raw","Data Alat","Foto Kondisi","Foto Kondisi_raw","id_2","id_raw_2","Tanggal Kalibrasi ","Tanggal Kalibrasi _raw","Nomor Label","Nomor Label_raw","Vendor","Vendor_raw","Scan / FC Sertifikat","Scan / FC Sertifikat_raw","Data Alat_raw_1","Data Alat_1"
"1","1","21018210000068","21018210000068","18","Refrigerator","1","Sanyo / Slim Beauty","-","-","2","Farmasi","/images/foto_alat/IMG_20180726_125912.jpg","/images/foto_alat/IMG_20180726_125912.jpg","390","Super User","","","","","Sedang Diperbaiki","Sedang Diperbaiki","Expired 226805","Expired 226805","1","1","13-12-2018","2018-12-13 09:06:00","","","Sedang Diperbaiki","servis","","    /    ","1","21018210000068    /    Refrigerator    /        /    Slim Beauty    /    -    /    -Farmasi","","","1","1","2018-07-27","2018-07-27 00:00:00","226805","226805","","","","","1","21018210000068    /    Refrigerator    /        /    Slim Beauty    /    -    /    -Farmasi"
"2","2","21018210000029","21018210000029","19","Slit Lamp","2","Haag Streit Diagnostic / BI 900","00554","00554","3","Gedung A Poliklinik","/images/foto_alat/IMG_20180724_182621_HHT.jpg","/images/foto_alat/IMG_20180724_182621_HHT.jpg","0","","","","","","Tidak Terupdate","Tidak Terupdate","Expired 238519","Expired 238519","","","","","","","","","","    /    ","","    /        /        /        /        /    -","","","2","2","2018-07-24","2018-07-24 00:00:00","238519","238519","","","","","2","21018210000029    /    Slit Lamp    /        /    BI 900    /    00554    /    -Gedung A Poliklinik"
"3","3","21018210000030","21018210000030","19","Slit Lamp","3","Haag Streit Diagnostic / BP 900","10577","10577","3","Gedung A Poliklinik","","","0","","","","","","Tidak Terupdate","Tidak Terupdate","Expired 238562","Expired 238562","","","","","","","","","","    /    ","","    /        /        /        /        /    -","","","3","3","2018-07-24","2018-07-24 00:00:00","238562","238562","","","","","3","21018210000030    /    Slit Lamp    /        /    BP 900    /    10577    /    -Gedung A Poliklinik"
"4","4","21018210000031","21018210000031","19","Slit Lamp","3","Haag Streit Diagnostic / BP 900","07977","07977","3","Gedung A Poliklinik","","","0","","","","","","Tidak Terupdate","Tidak Terupdate","Expired 238563","Expired 238563","","","","","","","","","","    /    ","","    /        /        /        /        /    -","","","4","4","2018-07-24","2018-07-24 00:00:00","238563","238563","","","","","4","21018210000031    /    Slit Lamp    /        /    BP 900    /    07977    /    -Gedung A Poliklinik"
"5","5","21018210000032","21018210000032","19","Slit Lamp","4","Shin Nippon / SL 500","2016-0896","2016-0896","3","Gedung A Poliklinik","","","0","","","","","","Tidak Terupdate","Tidak Terupdate","Expired 238564","Expired 238564","","","","","","","","","","    /    ","","    /        /        /        /        /    -","","","5","5","2018-07-24","2018-07-24 00:00:00","238564","238564","","","","","5","21018210000032    /    Slit Lamp    /        /    SL 500    /    2016-0896    /    -Gedung A Poliklinik"
"6","6","21018210000028","21018210000028","31","Tonometer Applanation","5","Kowa / KT-800","1534411312","1534411312","3","Gedung A Poliklinik","/images/foto_alat/IMG_20180724_181729_HHT.jpg","/images/foto_alat/IMG_20180724_181729_HHT.jpg","0","","","","","","Tidak Terupdate","Tidak Terupdate","Expired 238461","Expired 238461","","","","","","","","","","    /    ","","    /        /        /        /        /    -","","","6","6","2018-07-24","2018-07-24 00:00:00","238461","238461","","","","","6","21018210000028    /    Tonometer Applanation    /        /    KT-800    /    1534411312    /    -Gedung A Poliklinik"
"7","7","21018210000158","21018210000158","27","Tensimeter Mobile Digital","6","Erka / Erkameter E","164400603","164400603","3","Gedung A Poliklinik","/images/foto_alat/IMG_20180727_172019.jpg","/images/foto_alat/IMG_20180727_172019.jpg","0","","","","","","Tidak Terupdate","Tidak Terupdate","Expired 226801","Expired 226801","","","","","","","","","","    /    ","","    /        /        /        /        /    -","","","7","7","2018-07-27","2018-07-27 00:00:00","226801","226801","","","","","7","21018210000158    /    Tensimeter Mobile Digital    /        /    Erkameter E    /    164400603    /    -Gedung A Poliklinik"
"8","8","21018210000038","21018210000038","13","Mobile Autorefrakto","7","Plusoptix / 12","1202A-01F-15172310","1202A-01F-15172310","4","Gedung B Poliklinik","/images/foto_alat/IMG_20180725_143606.jpg","/images/foto_alat/IMG_20180725_143606.jpg","0","","","","","","Tidak Terupdate","Tidak Terupdate","Expired 238471","Expired 238471","","","","","","","","","","    /    ","","    /        /        /        /        /    -","","","8","8","2018-07-25","2018-07-25 00:00:00","238471","238471","","","","","8","21018210000038    /    Mobile Autorefrakto    /        /    12    /    1202A-01F-15172310    /    -Gedung B Poliklinik"
"9","9","21018210000036","21018210000036","6","Chart Projector","8","Unicos / ACP 700","P7PJA7AC","P7PJA7AC","4","Gedung B Poliklinik","/images/foto_alat/IMG_20180725_140501.jpg","/images/foto_alat/IMG_20180725_140501.jpg","0","","","","","","Tidak Terupdate","Tidak Terupdate","Expired 238468","Expired 238468","","","","","","","","","","    /    ","","    /        /        /        /        /    -","","","9","9","2018-07-25","2018-07-25 00:00:00","238468","238468","","","","","9","21018210000036    /    Chart Projector    /        /    ACP 700    /    P7PJA7AC    /    -Gedung B Poliklinik"
"10","10","21018210000037","21018210000037","6","Chart Projector","9","Rightway / ACP-68","1523","1523","4","Gedung B Poliklinik","/images/foto_alat/IMG_20180725_140528.jpg","/images/foto_alat/IMG_20180725_140528.jpg","0","","","","","","Tidak Terupdate","Tidak Terupdate","Expired 238469","Expired 238469","","","","","","","","","","    /    ","","    /        /        /        /        /    -","","","10","10","2018-07-25","2018-07-25 00:00:00","238469","238469","","","","","10","21018210000037    /    Chart Projector    /        /    ACP-68    /    1523    /    -Gedung B Poliklinik"
"11","11","21018210000034","21018210000034","19","Slit Lamp","10","Shin Nippon / SL-500","2016-0892","2016-0892","4","Gedung B Poliklinik","/images/foto_alat/IMG_20180725_140717.jpg","/images/foto_alat/IMG_20180725_140717.jpg","0","","","","","","Tidak Terupdate","Tidak Terupdate","Expired 238466","Expired 238466","","","","","","","","","","    /    ","","    /        /        /        /        /    -","","","11","11","2018-07-25","2018-07-25 00:00:00","238466","238466","","","","","11","21018210000034    /    Slit Lamp    /        /    SL-500    /    2016-0892    /    -Gedung B Poliklinik"
"12","12","21018210000033","21018210000033","19","Slit Lamp","11","Takagi / SM-2N","1210058","1210058","4","Gedung B Poliklinik","/images/foto_alat/IMG_20180725_140648.jpg","/images/foto_alat/IMG_20180725_140648.jpg","0","","","","","","Tidak Terupdate","Tidak Terupdate","Expired 238465","Expired 238465","","","","","","","","","","    /    ","","    /        /        /        /        /    -","","","12","12","2018-07-25","2018-07-25 00:00:00","238465","238465","","","","","12","21018210000033    /    Slit Lamp    /        /    SM-2N    /    1210058    /    -Gedung B Poliklinik"
"13","13","21018210000035","21018210000035","19","Slit Lamp","12","Haag Streit Diganostic / BI 900","00555","00555","4","Gedung B Poliklinik","/images/foto_alat/IMG_20180725_140739.jpg","/images/foto_alat/IMG_20180725_140739.jpg","0","","","","","","Tidak Terupdate","Tidak Terupdate","Expired 238467","Expired 238467","","","","","","","","","","    /    ","","    /        /        /        /        /    -","","","13","13","2018-07-25","2018-07-25 00:00:00","238467","238467","","","","","13","21018210000035    /    Slit Lamp    /        /    BI 900    /    00555    /    -Gedung B Poliklinik"
"14","14","21018210000039","21018210000039","25","Tensi Air Raksa","13","Riester / Nova Pressameter","131252015","131252015","4","Gedung B Poliklinik","/images/foto_alat/IMG_20180725_143241.jpg","/images/foto_alat/IMG_20180725_143241.jpg","0","","","","","","Tidak Terupdate","Tidak Terupdate","Expired 238470","Expired 238470","","","","","","","","","","    /    ","","    /        /        /        /        /    -","","","14","14","2018-07-25","2018-07-25 00:00:00","238470","238470","","","","","14","21018210000039    /    Tensi Air Raksa    /        /    Nova Pressameter    /    131252015    /    -Gedung B Poliklinik"
"15","15","21018210000071","21018210000071","29","Timbangan Dewasa","14","Smic / ZT 120","-","-","5","Gedung B Ranap","/images/foto_alat/425e23cd-b877-40df-9e60-9ea6ea44e7b3.jpg","/images/foto_alat/425e23cd-b877-40df-9e60-9ea6ea44e7b3.jpg","0","","","","","","Tidak Terupdate","Tidak Terupdate","Expired 238550","Expired 238550","","","","","","","","","","    /    ","","    /        /        /        /        /    -","","","15","15","2018-07-27","2018-07-27 00:00:00","238550","238550","","","","","15","21018210000071    /    Timbangan Dewasa    /        /    ZT 120    /    -    /    -Gedung B Ranap"
"16","16","21018210000047","21018210000047","19","Slit Lamp","15","Takagi / SM-70N","0611830","0611830","6","Gedung C","/images/foto_alat/IMG_20180725_154145.jpg","/images/foto_alat/IMG_20180725_154145.jpg","0","","","","","","Tidak Terupdate","Tidak Terupdate","Expired 238473","Expired 238473","","","","","","","","","","    /    ","","    /        /        /        /        /    -","","","16","16","2018-07-25","2018-07-25 00:00:00","238473","238473","","","","","16","21018210000047    /    Slit Lamp    /        /    SM-70N    /    0611830    /    -Gedung C"
"17","17","21018210000050","21018210000050","6","Chart Projector","8","Unicos / ACP 700","P7PJA7CC","P7PJA7CC","7","Gedung C OK","/images/foto_alat/IMG_20180725_155116.jpg","/images/foto_alat/IMG_20180725_155116.jpg","0","","","","","","Tidak Terupdate","Tidak Terupdate","Expired 238475","Expired 238475","","","","","","","","","","    /    ","","    /        /        /        /        /    -","","","17","17","2018-07-25","2018-07-25 00:00:00","238475","238475","","","","","17","21018210000050    /    Chart Projector    /        /    ACP 700    /    P7PJA7CC    /    -Gedung C OK"
"18","18","21018210000019","21018210000019","1","AED","16","Science Cardiac / Powerheart AED G3","4485949","4485949","8","IGD","","","0","","","","","","Tidak Terupdate","Tidak Terupdate","Expired 238452","Expired 238452","","","","","","","","","","    /    ","","    /        /        /        /        /    -","","","18","18","2018-07-24","2018-07-24 00:00:00","238452","238452","","","","","18","21018210000019    /    AED    /        /    Powerheart AED G3    /    4485949    /    -IGD"
"19","19","21018210000015","21018210000015","19","Slit Lamp","17","Carl Zeiss / SL 115","1093810","1093810","8","IGD","/images/foto_alat/IMG_20180724_160054_HHT.jpg","/images/foto_alat/IMG_20180724_160054_HHT.jpg","0","","","","","","Tidak Terupdate","Tidak Terupdate","Expired 238518","Expired 238518","","","","","","","","","","    /    ","","    /        /        /        /        /    -","","","19","19","2018-07-24","2018-07-24 00:00:00","238518","238518","","","","","19","21018210000015    /    Slit Lamp    /        /    SL 115    /    1093810    /    -IGD"
"20","20","21018210000013","21018210000013","24","Tabung O2 ( Flowmeter )","18","Biomedix / -","-","-","8","IGD","/images/foto_alat/IMG_20180724_154901_HHT.jpg","/images/foto_alat/IMG_20180724_154901_HHT.jpg","0","","","","","","Tidak Terupdate","Tidak Terupdate","Expired 238448","Expired 238448","","","","","","","","","","    /    ","","    /        /        /        /        /    -","","","20","20","2018-07-24","2018-07-24 00:00:00","238448","238448","","","","","20","21018210000013    /    Tabung O2 ( Flowmeter )    /        /    -    /    -    /    -IGD"
"21","21","21018210000014","21018210000014","24","Tabung O2 ( Flowmeter )","19","- / -","-","-","8","IGD","/images/foto_alat/IMG_20180724_154925_HHT.jpg","/images/foto_alat/IMG_20180724_154925_HHT.jpg","0","","","","","","Tidak Terupdate","Tidak Terupdate","Expired 238449","Expired 238449","","","","","","","","","","    /    ","","    /        /        /        /        /    -","","","21","21","2018-07-24","2018-07-24 00:00:00","238449","238449","","","","","21","21018210000014    /    Tabung O2 ( Flowmeter )    /        /    -    /    -    /    -IGD"
"22","22","21018210000009","21018210000009","36","Vital Sign Monitor","20","Mindray / VS-600","FU-69007254","FU-69007254","8","IGD","/images/foto_alat/IMG_20180724_160024_HHT.jpg","/images/foto_alat/IMG_20180724_160024_HHT.jpg","0","","","","","","Tidak Terupdate","Tidak Terupdate","Expired 238444","Expired 238444","","","","","","","","","","    /    ","","    /        /        /        /        /    -","","","22","22","2018-07-24","2018-07-24 00:00:00","238444","238444","","","","","22","21018210000009    /    Vital Sign Monitor    /        /    VS-600    /    FU-69007254    /    -IGD"
"23","23","21018210000012","21018210000012","36","Vital Sign Monitor","20","Mindray / VS-600","FU-69007255","FU-69007255","8","IGD","/images/foto_alat/IMG_20180724_155958_HHT.jpg","/images/foto_alat/IMG_20180724_155958_HHT.jpg","0","","","","","","Tidak Terupdate","Tidak Terupdate","Expired 238446","Expired 238446","","","","","","","","","","    /    ","","    /        /        /        /        /    -","","","23","23","2018-07-24","2018-07-24 00:00:00","238446","238446","","","","","23","21018210000012    /    Vital Sign Monitor    /        /    VS-600    /    FU-69007255    /    -IGD"
"24","24","21018210000010","21018210000010","8","ECG Recorder","21","Axion / EK 3TC-3/6-04","CO51610113","CO51610113","8","IGD","/images/foto_alat/IMG_20180724_151512_HHT.jpg","/images/foto_alat/IMG_20180724_151512_HHT.jpg","0","","","","","","Tidak Terupdate","Tidak Terupdate","Expired 238443","Expired 238443","","","","","","","","","","    /    ","","    /        /        /        /        /    -","","","24","24","2018-07-24","2018-07-24 00:00:00","238443","238443","","","","","24","21018210000010    /    ECG Recorder    /        /    EK 3TC-3/6-04    /    CO51610113    /    -IGD"
"25","25","21018210000011","21018210000011","22","Suction Pump","22","GEA / YB DX 23 B","B.14.12.090","B.14.12.090","8","IGD","/images/foto_alat/IMG_20180724_160122_HHT.jpg","/images/foto_alat/IMG_20180724_160122_HHT.jpg","0","","","","","","Tidak Terupdate","Tidak Terupdate","Expired 238445","Expired 238445","","","","","","","","","","    /    ","","    /        /        /        /        /    -","","","25","25","2018-07-24","2018-07-24 00:00:00","238445","238445","","","","","25","21018210000011    /    Suction Pump    /        /    YB DX 23 B    /    B.14.12.090    /    -IGD"
"26","26","21018210000057","21018210000057","28","Termometer Badan","23","Beurer / FT65","-","-","8","IGD","/images/foto_alat/IMG_20180726_094826.jpg","/images/foto_alat/IMG_20180726_094826.jpg","0","","","","","","Tidak Terupdate","Tidak Terupdate","Expired 238524","Expired 238524","","","","","","","","","","    /    ","","    /        /        /        /        /    -","","","26","26","2018-07-25","2018-07-25 00:00:00","238524","238524","","","","","26","21018210000057    /    Termometer Badan    /        /    FT65    /    -    /    -IGD"
"27","27","21018210000016","21018210000016","27","Tensimeter Mobile Digital","6","Erka / Erkameter E","164400689","164400689","8","IGD","/images/foto_alat/IMG_20180727_172330.jpg","/images/foto_alat/IMG_20180727_172330.jpg","0","","","","","","Tidak Terupdate","Tidak Terupdate","Expired 238556","Expired 238556","","","","","","","","","","    /    ","","    /        /        /        /        /    -","","","27","27","2018-07-27","2018-07-27 00:00:00","238556","238556","","","","","27","21018210000016    /    Tensimeter Mobile Digital    /        /    Erkameter E    /    164400689    /    -IGD"
"28","28","21018210000017","21018210000017","27","Tensimeter Mobile Digital","6","Erka / Erkameter E","164400668","164400668","8","IGD","/images/foto_alat/IMG_20180727_172352.jpg","/images/foto_alat/IMG_20180727_172352.jpg","0","","","","","","Tidak Terupdate","Tidak Terupdate","Expired 238557","Expired 238557","","","","","","","","","","    /    ","","    /        /        /        /        /    -","","","28","28","2018-07-27","2018-07-27 00:00:00","238557","238557","","","","","28","21018210000017    /    Tensimeter Mobile Digital    /        /    Erkameter E    /    164400668    /    -IGD"
"29","29","21018210000018","21018210000018","27","Tensimeter Mobile Digital","6","Erka / Erkameter E","164400655","164400655","8","IGD","/images/foto_alat/IMG_20180727_172139.jpg","/images/foto_alat/IMG_20180727_172139.jpg","0","","","","","","Tidak Terupdate","Tidak Terupdate","Expired 238558","Expired 238558","","","","","","","","","","    /    ","","    /        /        /        /        /    -","","","29","29","2018-07-27","2018-07-27 00:00:00","238558","238558","","","","","29","21018210000018    /    Tensimeter Mobile Digital    /        /    Erkameter E    /    164400655    /    -IGD"
"30","30","21018210000160","21018210000160","29","Timbangan Dewasa","24","GEA / ZT 120","-","-","8","IGD","/images/foto_alat/dc7f6264-20e5-4595-926a-5212d3d4ed65.jpg","/images/foto_alat/dc7f6264-20e5-4595-926a-5212d3d4ed65.jpg","0","","","","","","Tidak Terupdate","Tidak Terupdate","Expired 238554","Expired 238554","","","","","","","","","","    /    ","","    /        /        /        /        /    -","","","30","30","2018-07-27","2018-07-27 00:00:00","238554","238554","","","","","30","21018210000160    /    Timbangan Dewasa    /        /    ZT 120    /    -    /    -IGD"
"31","31","21018210000159","21018210000159","29","Timbangan Dewasa","24","GEA / ZT 120","-","-","8","IGD","/images/foto_alat/dc7f6264-20e5-4595-926a-5212d3d4ed65.jpg","/images/foto_alat/dc7f6264-20e5-4595-926a-5212d3d4ed65.jpg","0","","","","","","Tidak Terupdate","Tidak Terupdate","Expired 238555","Expired 238555","","","","","","","","","","    /    ","","    /        /        /        /        /    -","","","31","31","2018-07-27","2018-07-27 00:00:00","238555","238555","","","","","31","21018210000159    /    Timbangan Dewasa    /        /    ZT 120    /    -    /    -IGD"
"32","32","21018210000125","21018210000125","14","Oksigen Konsentrator","25","Krober / IP 21","1016099130","1016099130","8","IGD","/images/foto_alat/IMG_20180727_170837.jpg","/images/foto_alat/IMG_20180727_170837.jpg","0","","","","","","Tidak Terupdate","Tidak Terupdate","Expired 238559","Expired 238559","","","","","","","","","","    /    ","","    /        /        /        /        /    -","","","32","32","2018-07-27","2018-07-27 00:00:00","238559","238559","","","","","32","21018210000125    /    Oksigen Konsentrator    /        /    IP 21    /    1016099130    /    -IGD"
"33","33","21018210000075","21018210000075","18","Refrigerator","26","Panasonic / NR B229N","11609398","11609398","9","Logistik Farmasi","/images/foto_alat/IMG_20180726_131458.jpg","/images/foto_alat/IMG_20180726_131458.jpg","0","","","","","","Tidak Terupdate","Tidak Terupdate","Expired 226806","Expired 226806","","","","","","","","","","    /    ","","    /        /        /        /        /    -","","","33","33","2018-07-27","2018-07-27 00:00:00","226806","226806","","","","","33","21018210000075    /    Refrigerator    /        /    NR B229N    /    11609398    /    -Logistik Farmasi"
"34","34","21018210000053","21018210000053","30","Tonometer","27","Kowa / KW-800","1534411162","1534411162","10","OK","/images/foto_alat/IMG_20180725_162340.jpg","/images/foto_alat/IMG_20180725_162340.jpg","0","","","","","","Tidak Terupdate","Tidak Terupdate","Expired 238520","Expired 238520","","","","","","","","","","    /    ","","    /        /        /        /        /    -","","","34","34","2018-07-25","2018-07-25 00:00:00","238520","238520","","","","","34","21018210000053    /    Tonometer    /        /    KW-800    /    1534411162    /    -OK"
"35","35","21018210000056","21018210000056","30","Tonometer","28","Kowa / KT-800","1534411138","1534411138","10","OK","/images/foto_alat/IMG_20180725_173307.jpg","/images/foto_alat/IMG_20180725_173307.jpg","0","","","","","","Tidak Terupdate","Tidak Terupdate","Expired 238523","Expired 238523","","","","","","","","","","    /    ","","    /        /        /        /        /    -","","","35","35","2018-07-25","2018-07-25 00:00:00","238523","238523","","","","","35","21018210000056    /    Tonometer    /        /    KT-800    /    1534411138    /    -OK"
"36","36","21018210000055","21018210000055","26","Tensimeter Aneroid","29","Erka / Vario Universalmodell","11000628","11000628","10","OK","/images/foto_alat/IMG_20180725_164321.jpg","/images/foto_alat/IMG_20180725_164321.jpg","0","","","","","","Tidak Terupdate","Tidak Terupdate","Expired 238522","Expired 238522","","","","","","","","","","    /    ","","    /        /        /        /        /    -","","","36","36","2018-07-25","2018-07-25 00:00:00","238522","238522","","","","","36","21018210000055    /    Tensimeter Aneroid    /        /    Vario Universalmodell    /    11000628    /    -OK"
"37","37","21018210000070","21018210000070","27","Tensimeter Mobile Digital","6","Erka / Erkameter E","164400601","164400601","10","OK","/images/foto_alat/IMG_20180727_161134.jpg","/images/foto_alat/IMG_20180727_161134.jpg","0","","","","","","Tidak Terupdate","Tidak Terupdate","Expired 238548","Expired 238548","","","","","","","","","","    /    ","","    /        /        /        /        /    -","","","37","37","2018-07-27","2018-07-27 00:00:00","238548","238548","","","","","37","21018210000070    /    Tensimeter Mobile Digital    /        /    Erkameter E    /    164400601    /    -OK"
"38","38","21018210000054","21018210000054","19","Slit Lamp","30","Inami / L-0187","J06063","J06063","10","OK","/images/foto_alat/IMG_20180725_162818.jpg","/images/foto_alat/IMG_20180725_162818.jpg","0","","","","","","Tidak Terupdate","Tidak Terupdate","Expired 238521","Expired 238521","","","","","","","","","","    /    ","","    /        /        /        /        /    -","","","38","38","2018-07-25","2018-07-25 00:00:00","238521","238521","","","","","38","21018210000054    /    Slit Lamp    /        /    L-0187    /    J06063    /    -OK"
"39","39","21018210000110","21018210000110","9","ESU Couter","31","Micro Surgical / Bipolar Coagulator ACC 100","2701110265","2701110265","10","OK","/images/foto_alat/IMG_20090101_025035.jpg","/images/foto_alat/IMG_20090101_025035.jpg","0","","","","","","Tidak Terupdate","Tidak Terupdate","Expired 238544","Expired 238544","","","","","","","","","","    /    ","","    /        /        /        /        /    -","","","39","39","2018-07-26","2018-07-26 00:00:00","238544","238544","","","","","39","21018210000110    /    ESU Couter    /        /    Bipolar Coagulator ACC 100    /    2701110265    /    -OK"
"40","40","21018210000090","21018210000090","9","ESU Couter","31","Micro Surgical / Bipolar Coagulator ACC 100","2701120298","2701120298","10","OK","/images/foto_alat/IMG_20090101_022620.jpg","/images/foto_alat/IMG_20090101_022620.jpg","0","","","","","","Tidak Terupdate","Tidak Terupdate","Expired 238531","Expired 238531","","","","","","","","","","    /    ","","    /        /        /        /        /    -","","","40","40","2018-07-26","2018-07-26 00:00:00","238531","238531","","","","","40","21018210000090    /    ESU Couter    /        /    Bipolar Coagulator ACC 100    /    2701120298    /    -OK"
"41","41","21018210000085","21018210000085","2","Anaesthesi Ventilator","32","Aeomed / Aeon7500A","Aeon7500A(E)YZZX018","Aeon7500A(E)YZZX018","10","OK","/images/foto_alat/IMG_20090101_022521.jpg","/images/foto_alat/IMG_20090101_022521.jpg","0","","","","","","Tidak Terupdate","Tidak Terupdate","Expired 238537","Expired 238537","","","","","","","","","","    /    ","","    /        /        /        /        /    -","","","41","41","2018-07-26","2018-07-26 00:00:00","238537","238537","","","","","41","21018210000085    /    Anaesthesi Ventilator    /        /    Aeon7500A    /    Aeon7500A(E)YZZX018    /    -OK"
"42","42","","","2","Anaesthesi Ventilator","32","Aeomed / Aeon7500A","","","10","OK","","","0","","","","","","Tidak Terupdate","Tidak Terupdate","Expired 238530","Expired 238530","","","","","","","","","","    /    ","","    /        /        /        /        /    -","","","42","42","2018-07-26","2018-07-26 00:00:00","238530","238530","","","","","42","    /    Anaesthesi Ventilator    /        /    Aeon7500A    /        /    -OK"
"43","43","21018210000083","21018210000083","35","Vaporizer Sevo","33","Aeomed / VP300","VP300S10704118","VP300S10704118","10","OK","/images/foto_alat/IMG_20090101_014147.jpg","/images/foto_alat/IMG_20090101_014147.jpg","0","","","","","","Tidak Terupdate","Tidak Terupdate","Expired 238534","Expired 238534","","","","","","","","","","    /    ","","    /        /        /        /        /    -","","","43","43","2018-07-26","2018-07-26 00:00:00","238534","238534","","","","","43","21018210000083    /    Vaporizer Sevo    /        /    VP300    /    VP300S10704118    /    -OK"
"44","44","21018210000084","21018210000084","34","Vaporizer Iso","34","Aeomed / VP300","VP300I1YXZV541","VP300I1YXZV541","10","OK","/images/foto_alat/IMG_20090101_014050.jpg","/images/foto_alat/IMG_20090101_014050.jpg","0","","","","","","Tidak Terupdate","Tidak Terupdate","Expired 238533","Expired 238533","","","","","","","","","","    /    ","","    /        /        /        /        /    -","","","44","44","2018-07-26","2018-07-26 00:00:00","238533","238533","","","","","44","21018210000084    /    Vaporizer Iso    /        /    VP300    /    VP300I1YXZV541    /    -OK"
"45","45","21018210000106","21018210000106","15","Operating Microscope","35","Carl Zeiss / Optic Lumera i","6633122465","6633122465","10","OK","/images/foto_alat/IMG_20090101_021654.jpg","/images/foto_alat/IMG_20090101_021654.jpg","0","","","","","","Tidak Terupdate","Tidak Terupdate","Expired 238536","Expired 238536","","","","","","","","","","    /    ","","    /        /        /        /        /    -","","","45","45","2018-07-26","2018-07-26 00:00:00","238536","238536","","","","","45","21018210000106    /    Operating Microscope    /        /    Optic Lumera i    /    6633122465    /    -OK"
"46","46","21018210000097","21018210000097","15","Operating Microscope","35","Carl Zeiss / Optic Lumera i","6633123264","6633123264","10","OK","/images/foto_alat/IMG_20090101_021741.jpg","/images/foto_alat/IMG_20090101_021741.jpg","0","","","","","","Tidak Terupdate","Tidak Terupdate","Expired 238535","Expired 238535","","","","","","","","","","    /    ","","    /        /        /        /        /    -","","","46","46","2018-07-26","2018-07-26 00:00:00","238535","238535","","","","","46","21018210000097    /    Operating Microscope    /        /    Optic Lumera i    /    6633123264    /    -OK"
"47","47","21018210000086","21018210000086","15","Operating Microscope","35","Carl Zeiss / Optic Lumera i","6633123874","6633123874","10","OK","/images/foto_alat/IMG_20090101_022705.jpg","/images/foto_alat/IMG_20090101_022705.jpg","0","","","","","","Tidak Terupdate","Tidak Terupdate","Expired 238532","Expired 238532","","","","","","","","","","    /    ","","    /        /        /        /        /    -","","","47","47","2018-07-26","2018-07-26 00:00:00","238532","238532","","","","","47","21018210000086    /    Operating Microscope    /        /    Optic Lumera i    /    6633123874    /    -OK"
"48","48","21018210000103","21018210000103","15","Operating Microscope","36","Leica / F12","220509005","220509005","10","OK","/images/foto_alat/IMG_20090101_021102.jpg","/images/foto_alat/IMG_20090101_021102.jpg","0","","","","","","Tidak Terupdate","Tidak Terupdate","Expired 238538","Expired 238538","","","","","","","","","","    /    ","","    /        /        /        /        /    -","","","48","48","2018-07-26","2018-07-26 00:00:00","238538","238538","","","","","48","21018210000103    /    Operating Microscope    /        /    F12    /    220509005    /    -OK"
"49","49","21018210000098","21018210000098","17","Phaco","37","Alcon / Infiniti","1102994101X","1102994101X","10","OK","/images/foto_alat/IMG_20090101_021757.jpg","/images/foto_alat/IMG_20090101_021757.jpg","0","","","","","","Tidak Terupdate","Tidak Terupdate","Expired 238541","Expired 238541","","","","","","","","","","    /    ","","    /        /        /        /        /    -","","","49","49","2018-07-26","2018-07-26 00:00:00","238541","238541","","","","","49","21018210000098    /    Phaco    /        /    Infiniti    /    1102994101X    /    -OK"
"50","50","21018210000100","21018210000100","17","Phaco","38","Appasamy / Galaxy Pro","O2-15-0989","O2-15-0989","10","OK","/images/foto_alat/IMG_20090101_021816.jpg","/images/foto_alat/IMG_20090101_021816.jpg","0","","","","","","Tidak Terupdate","Tidak Terupdate","Expired 238540","Expired 238540","","","","","","","","","","    /    ","","    /        /        /        /        /    -","","","50","50","2018-07-26","2018-07-26 00:00:00","238540","238540","","","","","50","21018210000100    /    Phaco    /        /    Galaxy Pro    /    O2-15-0989    /    -OK"
"51","51","21018210000107","21018210000107","17","Phaco","39","Alcon / Centurion Vision System","1402342801X","1402342801X","10","OK","/images/foto_alat/IMG_20090101_021719.jpg","/images/foto_alat/IMG_20090101_021719.jpg","0","","","","","","Tidak Terupdate","Tidak Terupdate","Expired 238539","Expired 238539","","","","","","","","","","    /    ","","    /        /        /        /        /    -","","","51","51","2018-07-26","2018-07-26 00:00:00","238539","238539","","","","","51","21018210000107    /    Phaco    /        /    Centurion Vision System    /    1402342801X    /    -OK"
"52","52","21018210000095","21018210000095","18","Refrigerator","40","Sharp / -","-","-","10","OK","/images/foto_alat/IMG_20090101_022347.jpg","/images/foto_alat/IMG_20090101_022347.jpg","0","","","","","","Tidak Terupdate","Tidak Terupdate","Expired 238525","Expired 238525","","","","","","","","","","    /    ","","    /        /        /        /        /    -","","","52","52","2018-07-26","2018-07-26 00:00:00","238525","238525","","","","","52","21018210000095    /    Refrigerator    /        /    -    /    -    /    -OK"
"53","53","21018210000082","21018210000082","16","Patient Monitor","41","Schiller / Argus LSM","M014E006494","M014E006494","10","OK","/images/foto_alat/IMG_20090101_022455.jpg","/images/foto_alat/IMG_20090101_022455.jpg","0","","","","","","Tidak Terupdate","Tidak Terupdate","Expired 238528","Expired 238528","","","","","","","","","","    /    ","","    /        /        /        /        /    -","","","53","53","2018-07-26","2018-07-26 00:00:00","238528","238528","","","","","53","21018210000082    /    Patient Monitor    /        /    Argus LSM    /    M014E006494    /    -OK"
"54","54","21018210000081","21018210000081","16","Patient Monitor","42","Analogic Medical / AM-1200","B7011200210","B7011200210","10","OK","/images/foto_alat/IMG_20090101_022427.jpg","/images/foto_alat/IMG_20090101_022427.jpg","0","","","","","","Tidak Terupdate","Tidak Terupdate","Expired 238527","Expired 238527","","","","","","","","","","    /    ","","    /        /        /        /        /    -","","","54","54","2018-07-26","2018-07-26 00:00:00","238527","238527","","","","","54","21018210000081    /    Patient Monitor    /        /    AM-1200    /    B7011200210    /    -OK"
"55","55","21018210000102","21018210000102","16","Patient Monitor","43","Analogic Medical / AM 1200","B81113W0111","B81113W0111","10","OK","/images/foto_alat/IMG_20090101_022728.jpg","/images/foto_alat/IMG_20090101_022728.jpg","0","","","","","","Tidak Terupdate","Tidak Terupdate","Expired 238542","Expired 238542","","","","","","","","","","    /    ","","    /        /        /        /        /    -","","","55","55","2018-07-26","2018-07-26 00:00:00","238542","238542","","","","","55","21018210000102    /    Patient Monitor    /        /    AM 1200    /    B81113W0111    /    -OK"
"56","56","21018210000109","21018210000109","24","Tabung O2 ( Flowmeter )","19","- / -","-","-","10","OK","/images/foto_alat/IMG_20090101_024146.jpg","/images/foto_alat/IMG_20090101_024146.jpg","0","","","","","","Tidak Terupdate","Tidak Terupdate","Expired 238543","Expired 238543","","","","","","","","","","    /    ","","    /        /        /        /        /    -","","","56","56","2018-07-26","2018-07-26 00:00:00","238543","238543","","","","","56","21018210000109    /    Tabung O2 ( Flowmeter )    /        /    -    /    -    /    -OK"
"57","57","21018210000087","21018210000087","37","Vitreoretinal Trektomi","44","Alcon / Consellation","1103071301X","1103071301X","10","OK","/images/foto_alat/IMG_20090101_025018.jpg","/images/foto_alat/IMG_20090101_025018.jpg","0","","","","","","Tidak Terupdate","Tidak Terupdate","Expired 238545","Expired 238545","","","","","","","","","","    /    ","","    /        /        /        /        /    -","","","57","57","2018-07-26","2018-07-26 00:00:00","238545","238545","","","","","57","21018210000087    /    Vitreoretinal Trektomi    /        /    Consellation    /    1103071301X    /    -OK"
"58","58","21018210000080","21018210000080","22","Suction Pump","45","Onemed / YB-DX23B","12NI.136","12NI.136","10","OK","/images/foto_alat/IMG_20090101_010517.jpg","/images/foto_alat/IMG_20090101_010517.jpg","0","","","","","","Tidak Terupdate","Tidak Terupdate","Expired 238526","Expired 238526","","","","","","","","","","    /    ","","    /        /        /        /        /    -","","","58","58","2018-07-26","2018-07-26 00:00:00","238526","238526","","","","","58","21018210000080    /    Suction Pump    /        /    YB-DX23B    /    12NI.136    /    -OK"
"59","59","21018210000105","21018210000105","23","Syringe Pump","46","SK / SK 500 III","60800368","60800368","10","OK","/images/foto_alat/IMG_20090101_022407.jpg","/images/foto_alat/IMG_20090101_022407.jpg","0","","","","","","Tidak Terupdate","Tidak Terupdate","Expired 238529","Expired 238529","","","","","","","","","","    /    ","","    /        /        /        /        /    -","","","59","59","2018-07-26","2018-07-26 00:00:00","238529","238529","","","","","59","21018210000105    /    Syringe Pump    /        /    SK 500 III    /    60800368    /    -OK"
"60","60","21018210000091","21018210000091","7","Dry Oven","47","Onemed / Drying Oven 101-O","712","712","10","OK","/images/foto_alat/IMG_20180727_172917.jpg","/images/foto_alat/IMG_20180727_172917.jpg","0","","","","","","Tidak Terupdate","Tidak Terupdate","Expired 226803","Expired 226803","","","","","","","","","","    /    ","","    /        /        /        /        /    -","","","60","60","2018-07-26","2018-07-26 00:00:00","226803","226803","","","","","60","21018210000091    /    Dry Oven    /        /    Drying Oven 101-O    /    712    /    -OK"
"61","61","21018210000094","21018210000094","21","Sterilisator","48","Statim / Dri-tec","0094","0094","10","OK","/images/foto_alat/IMG_20180727_173019.jpg","/images/foto_alat/IMG_20180727_173019.jpg","0","","","","","","Tidak Terupdate","Tidak Terupdate","Expired 226810","Expired 226810","","","","","","","","","","    /    ","","    /        /        /        /        /    -","","","61","61","2018-07-26","2018-07-26 00:00:00","226810","226810","","","","","61","21018210000094    /    Sterilisator    /        /    Dri-tec    /    0094    /    -OK"
"62","62","21018210000093","21018210000093","21","Sterilisator","48","Statim / Dri-tec","0093","0093","10","OK","/images/foto_alat/IMG_20180727_172816.jpg","/images/foto_alat/IMG_20180727_172816.jpg","0","","","","","","Tidak Terupdate","Tidak Terupdate","Expired 226802","Expired 226802","","","","","","","","","","    /    ","","    /        /        /        /        /    -","","","62","62","2018-07-26","2018-07-26 00:00:00","226802","226802","","","","","62","21018210000093    /    Sterilisator    /        /    Dri-tec    /    0093    /    -OK"
"63","63","21018210000079","21018210000079","26","Tensimeter Aneroid","49","Erka / Vario Universal Modell","11000979","11000979","10","OK","/images/foto_alat/IMG_20180730_100143.jpg","/images/foto_alat/IMG_20180730_100143.jpg","0","","","","","","Tidak Terupdate","Tidak Terupdate","Expired 238551","Expired 238551","","","","","","","","","","    /    ","","    /        /        /        /        /    -","","","63","63","2018-07-27","2018-07-27 00:00:00","238551","238551","","","","","63","21018210000079    /    Tensimeter Aneroid    /        /    Vario Universal Modell    /    11000979    /    -OK"
"64","64","21018210000115","21018210000115","27","Tensimeter Mobile Digital","6","Erka / Erkameter E","164400671","164400671","10","OK","/images/foto_alat/IMG_20180727_161007.jpg","/images/foto_alat/IMG_20180727_161007.jpg","0","","","","","","Tidak Terupdate","Tidak Terupdate","Expired 238549","Expired 238549","","","","","","","","","","    /    ","","    /        /        /        /        /    -","","","64","64","2018-07-27","2018-07-27 00:00:00","238549","238549","","","","","64","21018210000115    /    Tensimeter Mobile Digital    /        /    Erkameter E    /    164400671    /    -OK"
"65","65","21018210000077","21018210000077","29","Timbangan Dewasa","50","Tanita / HA 622","810622","810622","10","OK","/images/foto_alat/8471037c-9f4b-4542-9f2d-1886027d8373.jpg","/images/foto_alat/8471037c-9f4b-4542-9f2d-1886027d8373.jpg","0","","","","","","Tidak Terupdate","Tidak Terupdate","Expired 238552","Expired 238552","","","","","","","","","","    /    ","","    /        /        /        /        /    -","","","65","65","2018-07-27","2018-07-27 00:00:00","238552","238552","","","","","65","21018210000077    /    Timbangan Dewasa    /        /    HA 622    /    810622    /    -OK"
"66","66","21018210000069","21018210000069","19","Slit Lamp","17","Carl Zeiss / SL 115","10993828","10993828","10","OK","/images/foto_alat/IMG_20180727_165750.jpg","/images/foto_alat/IMG_20180727_165750.jpg","0","","","","","","Tidak Terupdate","Tidak Terupdate","Expired 238553","Expired 238553","","","","","","","","","","    /    ","","    /        /        /        /        /    -","","","66","66","2018-07-27","2018-07-27 00:00:00","238553","238553","","","","","66","21018210000069    /    Slit Lamp    /        /    SL 115    /    10993828    /    -OK"
"67","67","21018210000024","21018210000024","33","Unicos URK-800F (ARK)","51","Unicos / URK-800F","F8PJA71","F8PJA71","1","Diagnostik","/images/foto_alat/IMG_20180724_172416_HHT.jpg","/images/foto_alat/IMG_20180724_172416_HHT.jpg","0","","","","","","Tidak Terupdate","Tidak Terupdate","Expired 238457","Expired 238457","","","","","","","","","","    /    ","","    /        /        /        /        /    -","","","67","67","2018-07-24","2018-07-24 00:00:00","238457","238457","","","","","67","21018210000024    /    Unicos URK-800F (ARK)    /        /    URK-800F    /    F8PJA71    /    -Diagnostik"
"68","68","21018210000022","21018210000022","11","IOL Master 500","52","Carl Zeiss Meditec AG / IOL Master","1185741","1185741","1","Diagnostik","/images/foto_alat/IMG_20180724_165500_HHT.jpg","/images/foto_alat/IMG_20180724_165500_HHT.jpg","0","","","","","","Tidak Terupdate","Tidak Terupdate","Expired 238455","Expired 238455","","","","","","","","","","    /    ","","    /        /        /        /        /    -","","","68","68","2018-07-24","2018-07-24 00:00:00","238455","238455","","","","","68","21018210000022    /    IOL Master 500    /        /    IOL Master    /    1185741    /    -Diagnostik"
"69","69","21018210000021","21018210000021","10","Fundus Camera","53","Kowa / VX-10i","1523800342","1523800342","1","Diagnostik","/images/foto_alat/IMG_20180724_165539_HHT.jpg","/images/foto_alat/IMG_20180724_165539_HHT.jpg","0","","","","","","Tidak Terupdate","Tidak Terupdate","Expired 238456","Expired 238456","","","","","","","","","","    /    ","","    /        /        /        /        /    -","","","69","69","2018-07-24","2018-07-24 00:00:00","238456","238456","","","","","69","21018210000021    /    Fundus Camera    /        /    VX-10i    /    1523800342    /    -Diagnostik"
"70","70","21018210000020","21018210000020","8","ECG Recorder","54","Elitech / ECG-300G-TFT","EM4122AD013","EM4122AD013","1","Diagnostik","/images/foto_alat/IMG_20180724_165403_HHT.jpg","/images/foto_alat/IMG_20180724_165403_HHT.jpg","0","","","","","","Tidak Terupdate","Tidak Terupdate","Expired 238453","Expired 238453","","","","","","","","","","    /    ","","    /        /        /        /        /    -","","","70","70","2018-07-24","2018-07-24 00:00:00","238453","238453","","","","","70","21018210000020    /    ECG Recorder    /        /    ECG-300G-TFT    /    EM4122AD013    /    -Diagnostik"
"71","71","21018210000023","21018210000023","20","Specular Microscope","55","Topcon / SP-1P","0470287","0470287","1","Diagnostik","/images/foto_alat/IMG_20180724_165420_HHT.jpg","/images/foto_alat/IMG_20180724_165420_HHT.jpg","0","","","","","","Tidak Terupdate","Tidak Terupdate","Expired 238454","Expired 238454","","","","","","","","","","    /    ","","    /        /        /        /        /    -","","","71","71","2018-07-24","2018-07-24 00:00:00","238454","238454","","","","","71","21018210000023    /    Specular Microscope    /        /    SP-1P    /    0470287    /    -Diagnostik"
"72","72","21018210000026","21018210000026","32","Ultrasonik B-Scanner UD-8000","56","Tomey / UD-8000","787707","787707","1","Diagnostik","/images/foto_alat/IMG_20180724_174402_HHT.jpg","/images/foto_alat/IMG_20180724_174402_HHT.jpg","0","","","","","","Tidak Terupdate","Tidak Terupdate","Expired 238460","Expired 238460","","","","","","","","","","    /    ","","    /        /        /        /        /    -","","","72","72","2018-07-24","2018-07-24 00:00:00","238460","238460","","","","","72","21018210000026    /    Ultrasonik B-Scanner UD-8000    /        /    UD-8000    /    787707    /    -Diagnostik"
"73","73","21018210000027","21018210000027","5","Biometer AL-100","57","Tomey / AL-100","282409","282409","1","Diagnostik","/images/foto_alat/IMG_20180724_175643.jpg","/images/foto_alat/IMG_20180724_175643.jpg","0","","","","","","Tidak Terupdate","Tidak Terupdate","Expired 238459","Expired 238459","","","","","","","","","","    /    ","","    /        /        /        /        /    -","","","73","73","2018-07-24","2018-07-24 00:00:00","238459","238459","","","","","73","21018210000027    /    Biometer AL-100    /        /    AL-100    /    282409    /    -Diagnostik"
"74","74","21018210000008","21018210000008","3","Autochart Projector","58","Eucaris / TSCP-700","CP1305012L","CP1305012L","11","Refraksi","/images/foto_alat/IMG_20180724_141955_HHT.jpg","/images/foto_alat/IMG_20180724_141955_HHT.jpg","0","","","","","","Tidak Terupdate","Tidak Terupdate","Expired 238442","Expired 238442","","","","","","","","","","    /    ","","    /        /        /        /        /    -","","","74","74","2018-07-24","2018-07-24 00:00:00","238442","238442","","","","","74","21018210000008    /    Autochart Projector    /        /    TSCP-700    /    CP1305012L    /    -Refraksi"
"75","75","21018210000007","21018210000007","3","Autochart Projector","59","Towa / CP 30","127807","127807","11","Refraksi","/images/foto_alat/IMG_20180724_141643_HHT.jpg","/images/foto_alat/IMG_20180724_141643_HHT.jpg","0","","","","","","Tidak Terupdate","Tidak Terupdate","Expired 238441","Expired 238441","","","","","","","","","","    /    ","","    /        /        /        /        /    -","","","75","75","2018-07-24","2018-07-24 00:00:00","238441","238441","","","","","75","21018210000007    /    Autochart Projector    /        /    CP 30    /    127807    /    -Refraksi"
"76","76","21018210000025","21018210000025","4","Autoref/Keratometer","60","Kowa / KW-2000","62AG05617","62AG05617","11","Refraksi","/images/foto_alat/IMG_20180724_172443_HHT.jpg","/images/foto_alat/IMG_20180724_172443_HHT.jpg","0","","","","","","Tidak Terupdate","Tidak Terupdate","Expired 238458","Expired 238458","","","","","","","","","","    /    ","","    /        /        /        /        /    -","","","76","76","2018-07-24","2018-07-24 00:00:00","238458","238458","","","","","76","21018210000025    /    Autoref/Keratometer    /        /    KW-2000    /    62AG05617    /    -Refraksi"
"77","77","21018210000005","21018210000005","3","Autochart Projector","61","Charops / CCP 700","7PD1311803","7PD1311803","12","Visus","/images/foto_alat/IMG_20180724_140846.jpg","/images/foto_alat/IMG_20180724_140846.jpg","0","","","","","","Tidak Terupdate","Tidak Terupdate","Expired 238439","Expired 238439","","","","","","","","","","    /    ","","    /        /        /        /        /    -","","","77","77","2018-07-24","2018-07-24 00:00:00","238439","238439","","","","","77","21018210000005    /    Autochart Projector    /        /    CCP 700    /    7PD1311803    /    -Visus"
"78","78","21018210000002","21018210000002","12","Lensmeter","62","Takagi / LM 10DX","811952","811952","12","Visus","/images/foto_alat/IMG_20180724_134531.jpg","/images/foto_alat/IMG_20180724_134531.jpg","0","","","","","","Tidak Terupdate","Tidak Terupdate","Expired 238436","Expired 238436","","","","","","","","","","    /    ","","    /        /        /        /        /    -","","","78","78","2018-07-24","2018-07-24 00:00:00","238436","238436","","","","","78","21018210000002    /    Lensmeter    /        /    LM 10DX    /    811952    /    -Visus"
"79","79","21018210000001","21018210000001","12","Lensmeter","63","Unicos / ULM-800","M8QACGE","M8QACGE","12","Visus","/images/foto_alat/IMG_20180724_134120.jpg","/images/foto_alat/IMG_20180724_134120.jpg","0","","","","","","Tidak Terupdate","Tidak Terupdate","Expired 238435","Expired 238435","","","","","","","","","","    /    ","","    /        /        /        /        /    -","","","79","79","2018-07-24","2018-07-24 00:00:00","238435","238435","","","","","79","21018210000001    /    Lensmeter    /        /    ULM-800    /    M8QACGE    /    -Visus"
"80","80","21018210000003","21018210000003","3","Autochart Projector","64","Charops / CCP 7000","7PD3C0603","7PD3C0603","12","Visus","/images/foto_alat/IMG_20180724_140305.jpg","/images/foto_alat/IMG_20180724_140305.jpg","0","","","","","","Tidak Terupdate","Tidak Terupdate","Expired 238437","Expired 238437","","","","","","","","","","    /    ","","    /        /        /        /        /    -","","","80","80","2018-07-24","2018-07-24 00:00:00","238437","238437","","","","","80","21018210000003    /    Autochart Projector    /        /    CCP 7000    /    7PD3C0603    /    -Visus"
"81","81","21018210000004","21018210000004","3","Autochart Projector","65","Unicos / ACP-700","P7KAB9BC","P7KAB9BC","12","Visus","/images/foto_alat/IMG_20180724_140343.jpg","/images/foto_alat/IMG_20180724_140343.jpg","0","","","","","","Tidak Terupdate","Tidak Terupdate","Expired 238438","Expired 238438","","","","","","","","","","    /    ","","    /        /        /        /        /    -","","","81","81","2018-07-24","2018-07-24 00:00:00","238438","238438","","","","","81","21018210000004    /    Autochart Projector    /        /    ACP-700    /    P7KAB9BC    /    -Visus"
"82","82","21018210000006","21018210000006","3","Autochart Projector","66","Rightway / ACP  68","1522","1522","12","Visus","/images/foto_alat/IMG_20180724_140949.jpg","/images/foto_alat/IMG_20180724_140949.jpg","0","","","","","","Tidak Terupdate","Tidak Terupdate","Expired 238440","Expired 238440","","","","","","","","","","    /    ","","    /        /        /        /        /    -","","","82","82","2018-07-24","2018-07-24 00:00:00","238440","238440","","","","","82","21018210000006    /    Autochart Projector    /        /    ACP  68    /    1522    /    -Visus"
"83","83","","","1","AED",""," / ","1234","1234","3","Gedung A Poliklinik","","","392","IPSRS","","","","","Tidak Terupdate","Tidak Terupdate"," "," ","","","","","","","","","","    /    ","","    /        /        /        /        /    -","","","","","","","","","","","","","","    /        /        /        /        /    -"
